UUID, CMP Packet, Error
b528202e-04cd-4a6c-aeb4-79a1183d6276, 69568666, pdf uploader error: S3 bucket not set
fc39291a-b61f-4a10-9727-8750e6d6d3c3, 69580552, pdf uploader error: S3 bucket not set
b117bc38-7e43-49c5-ab9e-f6ae5bce00c8, 69576721, pdf uploader error: S3 bucket not set
20d9ae80-8882-47d8-b5db-460ce2dbba94, 69576024, pdf uploader error: S3 bucket not set
a3fa2fd2-662d-4623-8116-28625d190540, 69575874, pdf uploader error: S3 bucket not set
b37b043e-d090-460e-af82-6ce1be627745, 69575000, pdf uploader error: S3 bucket not set
d9a017b9-f2b7-4234-8ad4-6fc9c370245a, 69574838, pdf uploader error: S3 bucket not set
50943b2c-117a-4f1e-9aed-997af7806933, 69574752, pdf uploader error: S3 bucket not set
e7806218-1af7-4eb2-9463-612770debb36, 69574751, pdf uploader error: S3 bucket not set
50672fd9-b259-4459-9eb9-9374fd635840, 69574737, pdf uploader error: S3 bucket not set
174b6154-0b17-4f1d-815a-7a64ec8cf0b4, 69574727, pdf uploader error: S3 bucket not set
0a5b9c99-c6eb-4667-974f-cdc4d29f3103, 69574331, pdf uploader error: S3 bucket not set
43398e21-c55b-4b79-aaff-76fbc671ad8d, 69574215, pdf uploader error: S3 bucket not set
49cd8b07-afff-4e26-b1ae-5f0d8396b265, 69574197, pdf uploader error: S3 bucket not set
ed79c433-27da-413e-9bb2-da3ad0510f7c, 69574496, pdf uploader error: S3 bucket not set
bcdab715-04c2-4221-a463-c40bff13fab0, 69574113, pdf uploader error: S3 bucket not set
3b15f5d0-c3f6-42cf-801a-98837fef07aa, 69573758, pdf uploader error: S3 bucket not set
58bbf29d-5541-4aa1-8150-c863e0aac23c, 69573664, pdf uploader error: S3 bucket not set
1e5e6e87-fc0e-4911-a7f0-65d03b0332fa, 69573697, pdf uploader error: S3 bucket not set
cdb95f5d-85f7-4abc-911a-ec8f3c003386, 69572704, pdf uploader error: S3 bucket not set
9e510f00-79f4-40f8-a81b-f7d5c9c709c3, 69572702, pdf uploader error: S3 bucket not set
d9cab38b-8903-40a9-9be5-3a68da66c927, 69572712, pdf uploader error: S3 bucket not set
980ca8b5-5609-4bf0-9640-1888a3cc1227, 69572684, pdf uploader error: S3 bucket not set
fa7a93eb-323e-41fd-aaa3-8c310fa13c94, 69572567, pdf uploader error: S3 bucket not set
6bd13b0d-6d5c-4e61-9cc3-4365f3109e77, 69572284, pdf uploader error: S3 bucket not set
9d2a3a19-28c0-4ed0-8f0a-eab2160c99f3, 69572053, pdf uploader error: S3 bucket not set
20a76fd0-9576-4631-b5eb-5d9e9d85a015, 69572095, pdf uploader error: S3 bucket not set
96dd056e-4ad8-4416-bf01-5a53e932d6e5, 69571969, pdf uploader error: S3 bucket not set
6461740d-4b58-4851-a94b-c63d0f21e22c, 69571794, pdf uploader error: S3 bucket not set
5de24546-e3da-40be-8aa5-980b233294e2, 69571788, pdf uploader error: S3 bucket not set
ca72464a-d8fd-4d0e-8fde-d9f5248d9085, 69571492, pdf uploader error: S3 bucket not set
3ebfcf2b-0b64-486c-8244-fb2a44448d69, 69571450, pdf uploader error: S3 bucket not set
d9685193-67fd-488c-8213-480823149387, 69571312, pdf uploader error: S3 bucket not set
843010e1-bc6b-4b47-b5d2-71cdca9b818c, 69571291, pdf uploader error: S3 bucket not set
c9301026-69f7-46fd-bbcd-5c78969e64dd, 69570856, pdf uploader error: S3 bucket not set
b85e2ee3-4baf-43c9-804b-d3a6ec98483b, 69570854, pdf uploader error: S3 bucket not set
7bd6ebf2-7a22-4433-b53b-86aa5a4b83dd, 69570821, pdf uploader error: S3 bucket not set
baf2ede6-1fe0-497b-8cf3-ab6f925fc58a, 69570716, pdf uploader error: S3 bucket not set
14a09492-40d7-4432-ab6f-b38862258d26, 69570702, pdf uploader error: S3 bucket not set
70eaf8a6-100a-4019-86e4-88e263b8bf63, 69570704, pdf uploader error: S3 bucket not set
3b4a40d7-5b1b-4e3b-9626-de4741c06d70, 69570674, pdf uploader error: S3 bucket not set
46413721-66d6-4eb3-9b09-ee6c4cee2103, 69570214, pdf uploader error: S3 bucket not set
8797e75a-9632-4e41-a096-77171b554e1a, 69570188, pdf uploader error: S3 bucket not set
a4f995ef-334c-467e-9f11-03cc174e33ba, 69570158, pdf uploader error: S3 bucket not set
2d66a7f0-123d-4d78-952f-bf5fe895181d, 69569793, pdf uploader error: S3 bucket not set
fa6ebc4f-cf3f-4b51-8945-43e2d22ddc1b, 69569750, pdf uploader error: S3 bucket not set
12782f1d-239d-4411-99f1-59d60fdcf604, 69569653, pdf uploader error: S3 bucket not set
40e443fd-7072-43e1-845d-6690e9246864, 69569654, pdf uploader error: S3 bucket not set
249f6aed-07e9-400e-a50f-215dc5ab91f0, 69569647, pdf uploader error: S3 bucket not set
3de9e772-114d-4b55-97f4-367588630cdd, 69569599, pdf uploader error: S3 bucket not set
86001212-9d76-499b-849e-e00c3b7259f6, 69569324, pdf uploader error: S3 bucket not set
9ca43bf0-9dad-4233-8855-7353af379861, 69568815, pdf uploader error: S3 bucket not set
fe03773b-ff44-4d08-af07-4e8a69170781, 69568693, pdf uploader error: S3 bucket not set